<?xml version="1.0" encoding="UTF-8"?>
<metadata xml:lang="en"><Esri><CreaDate>20110203</CreaDate><CreaTime>15184100</CreaTime><ArcGISFormat>1.0</ArcGISFormat><SyncOnce>TRUE</SyncOnce><DataProperties><itemProps><itemLocation><linkage Sync="TRUE">file://\\DESKTOP4-2009\C$\Data\1_TEMP_FILES\silviculture_treatments_08_21_2010</linkage><protocol Sync="TRUE">Local Area Network</protocol></itemLocation></itemProps><copyHistory><copy source="C:\Data\1_other_projects\HF_onsite_GIS_Data\HF_Standmaps\silviculture_treatments_08_21_2010" dest="\\DESKTOP4-2009\C$\Data\1_TEMP_FILES\silviculture_treatments_08_21_2010" date="20110203" time="15184100"></copy></copyHistory></DataProperties></Esri></metadata>
